title,price,location,post_time,url
ایرپاد پرو ۲ اورجینال آکبند با گارانتی(airpods),5000000,تهران,,https://divar.ir/v/QZWsqXiS
ایرپاد پرو سوپر کپی با قابلیت استعلام اپل airpods,550000,تهران,,https://divar.ir/v/AZHzdzYx
ایرپاد پرو فول کپی وایرلس شارژ airpods,600000,تهران,,https://divar.ir/v/AZJbBi5v
ایرپادز پرو 2023 airpods pro,11600000,تبریز,,https://divar.ir/v/AZhnPyR3
ایرپاد پرو ٢  تک گوش  Airpods pro 2,5800000,تهران,,https://divar.ir/v/QZRR8Dn4
ایرپاد پرو سوپر کپی با قابلیت استعلام  airpods pro,600000,تهران,,https://divar.ir/v/wYAwOUi6
هدفون بلوتوثی اپل مدلAirpods3,6000000,تهران,,https://divar.ir/v/QZSB3d6q
airpods pro پلمپ,500000,تهران,۱۸ ساعت پیش,https://divar.ir/v/QZX5Oap9
ایرپاد پرو anc دار اورجینال Airpods pro,698000,مشهد,۲۱ ساعت پیش,https://divar.ir/v/QZX1LizA
ایرپدAirPodsPro,2200000,اردبیل,۲۳ ساعت پیش,https://divar.ir/v/QZXZqGDK
هندزفری بلوتوث طرح اپل ایرپاد - Airpods i7s,349000,تبریز,دیروز,https://divar.ir/v/QZXVZ3K0
airpods pro 2، ایرپاد پرو 2 سوپر های کپی,1032000,مشهد,,https://divar.ir/v/QZXpHvod
ایرپاد پرو2 سوپرکپی airpods pro2 ایرپادپرو نسل2,1100000,تهران,,https://divar.ir/v/AZJbA4EW
ایر‌پاد 3 فول کپی Airpods3 (ANC),690000,تهران,,https://divar.ir/v/QZSlTfyD
ایرپاد پرو ۲ Airpods Pro,9700000,تهران,دیروز,https://divar.ir/v/QZXhkE5w
airpods,650000,شیراز,دیروز,https://divar.ir/v/QZXNCii6
ایرپاد پرو۲ airpods pro 2 سوپر کپی با گارانتی,1100000,تهران,,https://divar.ir/v/AZM_c5wR
airpods pro 2nd,2000000,ساری,پریروز,https://divar.ir/v/QZWJWFq3
ایرپاد پرو 2 فول کپی airpods pro 2 سفارش ایرلند,690000,تهران,,https://divar.ir/v/AZgHMPUq
AirPods Pro 2,10700000,تهران,پریروز,https://divar.ir/v/QZWhSoWD
ایرپادپروAirPods Pro2,4500000,کرج,پریروز,https://divar.ir/v/QZV5vQrD
airpods3 ایرپاد۳,7990000,تهران,پریروز,https://divar.ir/v/QZVd-2fm
airpods pro6 ایرپاد پرو 6 سفید,290000,کرمانشاه,,https://divar.ir/v/QZ80fmmE
airpods pro 2,10800000,تهران,پریروز,https://divar.ir/v/QZVRtRVQ
ایرپاد i 15   i 14    i 18   i 12   i 11  هندزفری,145000,مشهد,,https://divar.ir/v/QZjQsbJO
ایرپادپرو 2 تیک ازسایت اپلairpodsproهندفری بلوتوثی,500000,مشهد,,https://divar.ir/v/QZv4cRWb
ایرپاد پرو۲ ۲۰۲۳ اپل اورجینال airpods pro2,6600000,تهران,,https://divar.ir/v/QZMV-l_S
طرح airpods pro,1100000,شیراز,,https://divar.ir/v/QZJIlnVT
ساعت هوشمند/ ساعت kd99 / ایرپاد/واچ 8,770000,مشهد,,https://divar.ir/v/QZ_0F4yM
ایرپاد پرو ۲ اورجینال اپل آکبند airpods pro 2,5000000,تهران,,https://divar.ir/v/QZMhNfuy
ایرپاد پرو ۲ اپل اصلی با گارانتیairpods pro2,5000000,تهران,,https://divar.ir/v/AZPKTxHw
AirPods Pro 2nd -- ایرپادز پرو ۲,9500000,تهران,۳ روز پیش,https://divar.ir/v/QZV1gcGV
ایرپاد ۲ ، Airpods 2,2900000,تهران,۳ روز پیش,https://divar.ir/v/QZUF_H0y
ایرپاد پرو اصلی پلمپ AirPods Pro 2021,7000000,تهران,۳ روز پیش,https://divar.ir/v/QZUtt2P3
ایرپاد پرو airpods proسوپر کپی باگارانتی واستعلام,600000,تهران,,https://divar.ir/v/AZpOm3RD
ایرپاد AirPodsPro2Type-Cبا لوازم,13000000,تهران,۳ روز پیش,https://divar.ir/v/QZURceh7
Airpods 2,4500000,ارومیه,۳ روز پیش,https://divar.ir/v/QZUx7QnE
ایرپاد پرو اپل سوپر کپی airpods pro,1200000,تهران,,https://divar.ir/v/gYW5H4E6
AirPods pro ایرپاد پرو,1700000,شیراز,۳ روز پیش,https://divar.ir/v/QZUpFF31
Airpods2,860000,اسلام‌شهر,۳ روز پیش,https://divar.ir/v/QZUdl5cV
airpods 2 apple,6100000,کاشان,۳ روز پیش,https://divar.ir/v/QZUV1Weo
Airpods pro2,1200000,اسلام‌شهر,۳ روز پیش,https://divar.ir/v/QZUVVRTW
بصورت تکی و عمده   2023 Airpods pro,700000,تهران,۴ روز پیش,https://divar.ir/v/QZT9cJ4v
Airpods Pro 2 Remax ایرپاد پرو,1000000,تهران,۴ روز پیش,https://divar.ir/v/QZTJL2RU
Airpods pro 2 second generation کاملن نو و آکبند,10500000,تهران,۴ روز پیش,https://divar.ir/v/QZTh6xFF
ایرپاد پرو ANC(نویز کنسلینگ/تایوان airpods pro,550000,مشهد,,https://divar.ir/v/QZmsXZ8a
ایرپاد پرو Airpods pro,700000,تهران,۴ روز پیش,https://divar.ir/v/QZTdnJog
ایرپاد ۲ Airpods2,670000,تهران,۴ روز پیش,https://divar.ir/v/QZTZnKQU
ایرپاد m19 با قابلیت پاوربانک,380000,مشهد,,https://divar.ir/v/QZZssn06
دو عدد Airpods pro نو پلمپ ایرپاد پرو,1400000,کرج,۴ روز پیش,https://divar.ir/v/QZTRmN3z
AirPods Pro,950000,خوی,۴ روز پیش,https://divar.ir/v/QZTtlotu
فروش airpods pro,590000,مشهد,۴ روز پیش,https://divar.ir/v/QZTN1dSx
Airpods pro2,10400000,کرج,,https://divar.ir/v/QZT1EK6d
ساعت / اپل واچ 8 /اپل واچ اولترا /واچ 8 /watch,750000,مشهد,,https://divar.ir/v/QZbATlu0
airpods pro 2 new (type c),11700000,مشهد,,https://divar.ir/v/QZJNPLGp
ایرپد پروAirPodsPro,1500000,بندر امام خمینی,۵ روز پیش,https://divar.ir/v/QZSNJzFd
airpods pro 2( usa) ایرپد پرو اورجینال,9000000,اهواز,۵ روز پیش,https://divar.ir/v/QZSB5XZW
airpods pro2,10200000,تهران,۵ روز پیش,https://divar.ir/v/QZSVHyb3
هندزفری بلوتوث طرح اپل ایرپاد - Airpods i7s,249000,بیرجند,۵ روز پیش,https://divar.ir/v/QZSJ3FTt
airpods pro,1700000,اصفهان,۵ روز پیش,https://divar.ir/v/QZSZmFHE
هندزفری بلوتوثی ایرپاد سری ۳ اپل Airpods serie 3,530000,تهران,۵ روز پیش,https://divar.ir/v/QZSFF1L3
هندزفری بلوتوث airpods pro,495000,تهران,,https://divar.ir/v/QZSRzbHv
airpods-3,8100000,بروجرد,۵ روز پیش,https://divar.ir/v/QZS1Cnru
AirPods Pro,899000,گنبد کاووس,۵ روز پیش,https://divar.ir/v/QZSRy23H
ایرپاد پرو ۲ اورجینال اپل با ضمانت(airpods pro2),5000000,تهران,,https://divar.ir/v/QZ-oSZsV
اپل Apple AirPods 3 ایرپاد 3,8400000,مشهد,,https://divar.ir/v/AZx-8yt7
AirPods Pro AirPods Pro,1000000,بهبهان,۵ روز پیش,https://divar.ir/v/QZRdb-58
airpods pro2-ایرپاد پرو,10000000,شیراز,۶ روز پیش,https://divar.ir/v/QZRRymU0
هندزفری دور گردنی AirPods Pro 5,180000,تهران,,https://divar.ir/v/QZR5BxWj
هدفون بلوتوثی ریمکس مدلairpods x2,700000,تهران,۶ روز پیش,https://divar.ir/v/QZRhhxWP
هندزفری بلوتوث مدل ایرپاد پرو۲ فول airpods pro2,795000,اصفهان,,https://divar.ir/v/AZwEJVa_
اپل ایرپاد Apple AirPods pro 2 (2nd generation),11100000,مشهد,,https://divar.ir/v/AZxWtoih
airpods pro2,10200000,تهران,,https://divar.ir/v/QZPZa0js
ایرپاد مدل Airpods,725000,تهران,۶ روز پیش,https://divar.ir/v/QZQdOKuY
ساعت هوشمند/ t500 /سفارشی t 500  /اپل واچ/ ایرپاد,437000,مشهد,,https://divar.ir/v/QZfMxqZU
ایرپاد پرو anc فول کپی airpods pro,648000,کرمانشاه,۶ روز پیش,https://divar.ir/v/QZQ9rdAW
ایرپاد پرو ۲۰۲۱ اپل اورجینال باگارانتی airpods pro,4800000,تهران,,https://divar.ir/v/QZKFhraC
ایرپاد پرو‌۲ اورجینال شرکتی(airpods pro 2),7900000,تهران,,https://divar.ir/v/wY9VT8VW
airpods pro3طرح اپل,2500000,اراک,۶ روز پیش,https://divar.ir/v/QZQVqga1
ایرپاد پرو سال ۲۰۲۱ با گارانتی شرکتی(airpods pro),5000000,تهران,,https://divar.ir/v/QZCpGSJl
ایرپاد پرو ٢ - Airpods pro 2,9000000,تهران,۶ روز پیش,https://divar.ir/v/QZQ9p4hY
ایرپاد پرو 2 airpods pro,1280000,کرج,,https://divar.ir/v/AZOPz3ch
airpods 3 high copy کیفیت,500000,شیراز,۶ روز پیش,https://divar.ir/v/QZQlo2Mn
Apple Airpods Pro 2nd Generation آکبند و اصل,10000000,اصفهان,۶ روز پیش,https://divar.ir/v/QZQV4uCV
هندزفری بلوتوث طرح اپل ایرپاد - Airpods i7s,249000,شیراز,,https://divar.ir/v/AZcHpMD-
AirPods pro2ایرپادپذو۲,12000000,تهران,۷ روز پیش,https://divar.ir/v/QZPd7lzl
AirPods Pro 2nd,500000,سبزوار,هفتهٔ پیش,https://divar.ir/v/QZP5IInp
ایرپاد ۳ اورجینال اپل با گارانتی(airpods 3),2890000,تهران,,https://divar.ir/v/QZ5ESrKc
ایرپاد اپل هندزفری بلوتوث airpod airpods,11111111,مشهد,هفتهٔ پیش,https://divar.ir/v/QZPhZgww
* ایرپاد 2گوش بیس دار Airpods ایرپد گیمینگ بلوتوثی,1000,قم,,https://divar.ir/v/AZUWM1Sh
ایرپاد ۲ های کپی Airpods Hicpy,828000,کرج,هفتهٔ پیش,https://divar.ir/v/QZPJJbbj
airpods pro 2 ایرپاد,10560000,کرج,,https://divar.ir/v/QZP1YSsE
airpods pro2,11200000,مشهد,,https://divar.ir/v/QZPNo2Vt
اپل Apple AirPods 2 Normal ایرپاد 2,6300000,مشهد,,https://divar.ir/v/AZx6c-2G
هدفون بلوتوثی اپل مدل AirPods 3 مگ سیف کالیفرنیا,12368790,تهران,هفتهٔ پیش,https://divar.ir/v/QZPdXSsg
ایرپاد 2 اصلی/ AirPods Pro 2nd,6100000,تهران,هفتهٔ پیش,https://divar.ir/v/QZP1gB0T
airpods i12/,298000,مشهد,هفتهٔ پیش,https://divar.ir/v/QZOZXJoT
AirPods Pro (2nd generation),8500000,تهران,هفتهٔ پیش,https://divar.ir/v/QZO92qtB
ایرپاید پرو AirPods pro USA Californiya,2200000,زاهدان,هفتهٔ پیش,https://divar.ir/v/QZOx0tq3
هندزفری بلوتوثی مدل airpods pro,250000,آبادان,هفتهٔ پیش,https://divar.ir/v/QZO5Eptq
ایر پاد پرو اپل Airpods pro,560000,بندرعباس,هفتهٔ پیش,https://divar.ir/v/QZOxzB1j
ایرپاد پرو ۲ گارانتی آواطنین(airpods pro2),7000000,تهران,هفتهٔ پیش,https://divar.ir/v/QZOJi2hd
Airpods Pro ایرپاد پرو,1200000,تهران,هفتهٔ پیش,https://divar.ir/v/QZO1hNkK
ایرپاد پرو اپل Apple airpods pro,9400000,تبریز,هفتهٔ پیش,https://divar.ir/v/QZOJBXDL
هندزفری بلوتوث طرح اپل ایرپاد - Airpods i7s,249000,یزد,هفتهٔ پیش,https://divar.ir/v/QZOZQm6p
یک عدد هندزفری مدل AirPodspro,750000,مریوان,هفتهٔ پیش,https://divar.ir/v/QZONgrZd
ایرپاد۳پرومکس هنذفری بلوتوثی پاوربانک airpods 3,440000,مشهد,,https://divar.ir/v/QZO4K18t
ایرپاد پرو ۲ ( Airpods pro 2 ) تضمین کیفیت,1550000,مشهد,,https://divar.ir/v/AZcPsEux
ایرپاد پرو AirPods Pro 2,1200000,مشهد,هفتهٔ پیش,https://divar.ir/v/QZNxg34y
Airpods مدل SGS,950000,گنبد کاووس,هفتهٔ پیش,https://divar.ir/v/QZM97zeL
ایرپاد هندزفری بیسیم مدل airpods pro فول کپی,300000,تهران,,https://divar.ir/v/QZM5rQAu
AirPods,5500000,همدان,هفتهٔ پیش,https://divar.ir/v/QZMl517U
ایرپاد پرو اورجینال اپل با ضمانت شرکت(airpods pro),5000000,تهران,,https://divar.ir/v/QZLJq_pH
آکبند گوش راست - 2021 Airpods pro 2,1550000,تهران,,https://divar.ir/v/QZGxEyhP
AirPods Pro اکبند و پلمپ  کیفیت بالا اصل واقعی,1650000,ارومیه,هفتهٔ پیش,https://divar.ir/v/QZLZ9OUL
ایرپاد پرو2 تایپ AirPods Pro2 Type C,11300000,مشهد,,https://divar.ir/v/QZLx7Qkf
ایرپاد نسل ۳ اورجینال با گارانتی(airpods 3 apple),3400000,تهران,هفتهٔ پیش,https://divar.ir/v/QZLRayzP
هندزفری بلوتوثی هندزفری بیسیم ایرپد 2 airpods 2,1500000,بجنورد,هفتهٔ پیش,https://divar.ir/v/QZLVqTyX
هنذفری ایرپاد پروAirPods Pro,1200000,اهواز,هفتهٔ پیش,https://divar.ir/v/QZLJ5gcK
airpods pro 2 کنسرتی,3750000,کرج,,https://divar.ir/v/QZLZYSnC
ایرپاد++M19Aهندفریبلوتوثی پاوربانک هولدرairpods,200000,مشهد,,https://divar.ir/v/AZlaoUz7
ایرپاد پرو airpods pro,7500000,آبادان,هفتهٔ پیش,https://divar.ir/v/QZLlmRON
Airpods pro,799000,مشهد,هفتهٔ پیش,https://divar.ir/v/QZLh1X23
AirPods 3,8000000,کیش,هفتهٔ پیش,https://divar.ir/v/QZKt6Dv7
ایرپاد ۲۰۱۹ AirPods with Charging Case,5000000,تهران,هفتهٔ پیش,https://divar.ir/v/QZKxiSEb
airpods pro2 type Cایرپادپرو۲ جدید,11300000,اهواز,,https://divar.ir/v/QZKBylGk
ایرپاد پرو نسل ۱ اورجینال اپل(airpods pro),5000000,تهران,,https://divar.ir/v/QZEVupmT
ایرپاد(airpods pro 2),1950000,مشهد,,https://divar.ir/v/QZCd2J5o
AirPods pro هایی کپی اصل و خیلی با کیفیت هست,1500000,بجنورد,هفتهٔ پیش,https://divar.ir/v/QZJBTzCT
ایرپاد پرو airpods pro3,295000,تهران,هفتهٔ پیش,https://divar.ir/v/QZJxxI1_
ایرپاد سری۲ وایرلس اورجینال اپل با گارانتی airpods,2850000,تهران,,https://divar.ir/v/QZABvjx0
Airpods pro 2nd generation,9500000,تهران,هفتهٔ پیش,https://divar.ir/v/QZIB-hsx
airpods 2,3500000,آبادان,هفتهٔ پیش,https://divar.ir/v/QZI5qmPi
ایرپاد پرو نسل۲ سوپر های کپی ANC airpods pro 2,865000,شیراز,,https://divar.ir/v/AZAf7s3E
Apple AirPods Pro  ایرپاد پرو,10000000,تهران,,https://divar.ir/v/QZFhk-Tx
Airpods pro.,850000,کرمانشاه,۲ هفته پیش,https://divar.ir/v/QZH9JNfa
ایرپاد پرو airpods pro کپی (غیر قابل تشخیص با اصل),670000,کرمانشاه,۲ هفته پیش,https://divar.ir/v/QZHZFVPq
airpods xiaomi,258000,تهران,۲ هفته پیش,https://divar.ir/v/QZHB1XJR
Apple Airpods pro2 2023 ( Type-c),11600000,تبریز,,https://divar.ir/v/QZHREZq6
AirPods pro - ایرپاد,850000,دزفول,,https://divar.ir/v/QZHVjESC
هندزفری بلوتوث ایرپاد پرو اپل AirPods Pro طرح اصلی,1100000,شیراز,۲ هفته پیش,https://divar.ir/v/QZGRYlyp
Apple airpods pro2,10000000,تهران,۲ هفته پیش,https://divar.ir/v/QZGJE72O
Airpods pro,1800000,علی‌آباد کتول,۲ هفته پیش,https://divar.ir/v/QZGxCil3
ایرپاد پرو اپل (اورجینال)Airpods pro گارانتی,7500000,تهران,۲ هفته پیش,https://divar.ir/v/QZGtScpT
airpods pro 2,1050000,تهران,۲ هفته پیش,https://divar.ir/v/QZGthhFs
airpods 2 pro ایرپاد,550000,اهواز,,https://divar.ir/v/QZF1uRrg
اِیرپاد پُرو   Airpods pro,1000000,تهران,۲ هفته پیش,https://divar.ir/v/QZF5zq0g
هدفون بلوتوثی کرون مدل Airpods,1100000,اهواز,۲ هفته پیش,https://divar.ir/v/QZE9tNhN
Airpods,800000,شیراز,۲ هفته پیش,https://divar.ir/v/QZEF5wyl
airpods pro مدل ایفون,400000,گنبد کاووس,۲ هفته پیش,https://divar.ir/v/QZE9QSDe
ایرپاد پرو Airpods pro ANC صد در صد کالیفرنیا,648000,مشهد,,https://divar.ir/v/QZDB9u--
هدفون بی سیم اپل ایرپاد پرو Airpods pro,586000,تهران,۲ هفته پیش,https://divar.ir/v/QZDx7q2s
ایر پاد پرو اپل Airpods Pro,1240000,شیراز,۲ هفته پیش,https://divar.ir/v/QZDV75Eg
هندزفری بلوتوث طرح اپل ایرپاد - Airpods i7s,249000,تهران,۲ هفته پیش,https://divar.ir/v/QZDFmFay
هندزفری بلوتوثی اپلAirPods Pro 2nd Generation 2023,11500000,کرج,۲ هفته پیش,https://divar.ir/v/QZD1wzYn
AirPods Pro  هدفون بلوتوثی,1225000,مشهد,۲ هفته پیش,https://divar.ir/v/QZCtJC5t
(ANC) Airpods pro2,1100000,مشهد,۲ هفته پیش,https://divar.ir/v/QZCZZjyv
ایرپاد پرو2 (2022) airpods pro,10490000,تهران,,https://divar.ir/v/QZC9nuV5
ایرپاد سری 3 airpods,7850000,تهران,,https://divar.ir/v/QZC5nveC
airpods 2 ایرپاد سری 2 اصلی,5850000,تهران,,https://divar.ir/v/QZC1n9hr
ایرپاد مدل Airpods,725000,تهران,۲ هفته پیش,https://divar.ir/v/QZCdH7OU
ایرپاد پرو Airpods Pro,540000,خرم‌آباد,,https://divar.ir/v/QZCFn24l
کیس ایرپاد سری 2 اپل - AirPods 2 با کارتن دفترچه,1500000,مشهد,۲ هفته پیش,https://divar.ir/v/QZCFnFV8
هدفون بلوتوثی اپل مدل AirPods Pro 2nd Generation,1250000,مشهد,۲ هفته پیش,https://divar.ir/v/QZC92BVG
AirPods Pro 2nd Generation,3950000,تهران,۲ هفته پیش,https://divar.ir/v/QZCxCkF2
ایرپاد پرو airpods poro,850000,اصفهان,۲ هفته پیش,https://divar.ir/v/QZC5RIY_
ایپاد 2/ایرپاد پرو 2 / ایرپاد اماراتی/ ایرپاد RJC,740000,مشهد,,https://divar.ir/v/QZ-U1mfZ
ایرپاد Airpods بیسیم هندزفری  هدست,420000,تهران,۲ هفته پیش,https://divar.ir/v/QZBFOR6u
ایرپاد پرو رنگی ایرپد هندزفری بلوتوث Airpods pro,220000,قم,,https://divar.ir/v/AZnHPDiD
ایرپاد AirPods Pro- 2021 - اپل - نو - پلمپ,8500000,تهران,۲ هفته پیش,https://divar.ir/v/QZBZTt3E
Airpods Pro2 اصل,10200000,فلاورجان,۲ هفته پیش,https://divar.ir/v/QZBBD5ja
AirPods Pro,1200000,مریوان,۲ هفته پیش,https://divar.ir/v/QZAlrUN5
هندزفری بلوتوث طرح اپل ایرپاد - Airpods i7s,249000,گلستان,۲ هفته پیش,https://divar.ir/v/QZ_AftPu
ایرپاد پرو 2/پرو2/هندزفری/ بلوتوثی /هدفون هندزفری,490000,مشهد,,https://divar.ir/v/QZoQRkd5
 ایرپاد پرو رنگی proایرپاد رنگی,360000,مشهد,,https://divar.ir/v/QZS4XIk0
فروش هدفون اپل ایرپاد پرو Apple AirPods Pro,4000000,زنجان,۲ هفته پیش,https://divar.ir/v/QZ_k4i_C
ایرپاد سری ۲ airpods 2با شماره سریال قابل استعلام,490000,تهران,۲ هفته پیش,https://divar.ir/v/QZ_gYx8V
ایرپاد ایرپادپرو2 طرح اپل AirPods,330000,کرج,۲ هفته پیش,https://divar.ir/v/QZ_QTVPS
هدفون بی سیم مدل Airpods2,1850000,تهران,۲ هفته پیش,https://divar.ir/v/QZ_MmcH_
هدفون اپل ایرپادزپرو2 اورجینالApple AirPods Pro 2,10600000,تهران,,https://divar.ir/v/AZJ3vKQ9
آکبند های کپی AirPods Pro 2,1600000,تهران,۲ هفته پیش,https://divar.ir/v/QZ-4t8Io
ایرپاد پرو ۲  airpods pro 2,650000,مشهد,۲ هفته پیش,https://divar.ir/v/QZ-U6rE3
ایرپاد m10هندزفری بلوتوث,330000,مشهد,,https://divar.ir/v/QZz04jxW
Airpods pro2,10600000,کرج,,https://divar.ir/v/QZ-gzHUJ
Airpods2,5730000,کرج,,https://divar.ir/v/QZ-czn6G
ایرپاد پرو فول کپی نویزکنسلینگ(airpodspro),600000,تهران,,https://divar.ir/v/gYJrEOBs
ایرپاد ۳ فول کپی ((airpods 3)),600000,تهران,,https://divar.ir/v/AZL_V9DH
ایرپاد ۲ وایرلس فول کپی (airpods2)استعلام دار,550000,تهران,,https://divar.ir/v/AYW-yLPf
ایرپادنسل۲ اپل airpods appl new generation اصلی,1000000000,تهران,۳ هفته پیش,https://divar.ir/v/QZ6Eccpx
ایرپاد مدل Airpods,725000,تهران,۳ هفته پیش,https://divar.ir/v/QZ-cQIZt
هدفون بی‌ سیم اپل مدل AirPods Pro,200000,تهران,۳ هفته پیش,https://divar.ir/v/QZ-cgO9p
airpods 2pro(generation),10000000,تهران,۳ هفته پیش,https://divar.ir/v/QZ-MwuDf
ایرپاد پرو۲۰۲۲/airpods pro2022,870000,کرمانشاه,,https://divar.ir/v/QYsKXiso
ایرپاد مدل Airpods,725000,تهران,۳ هفته پیش,https://divar.ir/v/QZ9YPz77
ایرپاد ۲ پرو airpods pro 2,950000,مشهد,۳ هفته پیش,https://divar.ir/v/QZ9EfWMk
Airpods pro,5300000,لاهیجان,۳ هفته پیش,https://divar.ir/v/QZ9UDdT2
. هدفون بلوتوثی   مدل airpods 12 .,368000,تهران,۳ هفته پیش,https://divar.ir/v/QZ9YQzYa
اپل واچ ws99 ساعت هوشمند   اسمارت واچ  ws 99  واچ,1590000,مشهد,,https://divar.ir/v/QZ2kHb_k
Airpods 2,1000000,تهران,۳ هفته پیش,https://divar.ir/v/QZ8A_Wzl
airpods3,950000,قم,۳ هفته پیش,https://divar.ir/v/QZ88s9fS
ایرپاد پرو 2 - airpods pro2,890000,شیراز,۳ هفته پیش,https://divar.ir/v/QZ8wsudc
هندزفری بلوتوثی مدل Airpods pro 6 ORIG,600000,تهران,۳ هفته پیش,https://divar.ir/v/QZ8kMFCE
ساعت هوشمند اپل واچ T500,420000,مشهد,,https://divar.ir/v/QZ00S1BG
ایرپاد پرو/اماراتی/هندزفری/ بلوتوثی/هنسفری,890000,مشهد,,https://divar.ir/v/QZ2wsW3w
هندزفری بلوتوث طرح اپل ایرپاد - Airpods i7s,249000,تهران,۳ هفته پیش,https://divar.ir/v/QZ7E97k2
airpods 2 در حد صفر,4300000,ارومیه,۳ هفته پیش,https://divar.ir/v/QZ7QK4zO
ایرپاد پرو فول کپی آکبند Airpods,800000,مشهد,۳ هفته پیش,https://divar.ir/v/QZ7c42Vy
ایرپاد پرو airpods pro,840000,کرج,,https://divar.ir/v/AZIb_-oZ
هندزفری بلوتوث طرح اپل ایرپاد - Airpods i7s,250000,یزد,,https://divar.ir/v/wYG52qik
هدست  airpods max طرح کپی سبز,600000,اصفهان,۳ هفته پیش,https://divar.ir/v/QZ7MmJea
Airpods pro2 R120,1800000,مشهد,۳ هفته پیش,https://divar.ir/v/QZ6M-4Fm
هدفون اپل مدل airpods max دارای سریال و کد رهگیری,950000,خرم‌آباد,,https://divar.ir/v/QZ6w2ZoP
airpods 2 ایرپاد,5700000,تهران,۳ هفته پیش,https://divar.ir/v/QZ6Um0cY
هدست  airpods max طرح کپی,600000,ایلام,۳ هفته پیش,https://divar.ir/v/QZ6wzRm5
هدست  airpods max طرح کپی,600000,تهران,۳ هفته پیش,https://divar.ir/v/QZ6szhdd
هد فون بلوتوثی اپل airpods apple,5200000,اصفهان,۳ هفته پیش,https://divar.ir/v/QZ6kT2h6
ایرپاد ۳ airpods 3,8000000,تهران,۳ هفته پیش,https://divar.ir/v/QZ6MDI-p
ایرپاد مدل Airpods pro 5,730000,اصفهان,۳ هفته پیش,https://divar.ir/v/QZ68Scan
هندزفری بلوتوثی مدل Airpods por new ارسال,500000,کرج,۳ هفته پیش,https://divar.ir/v/QZ6ghVED
ایرپاد پرو اپل airpods 2nd generation,9900000,فردیس,,https://divar.ir/v/QZ5AX1hB
Airpods Original,4500000,قم,۳ هفته پیش,https://divar.ir/v/QZ5EK2_k
ایرپاد پرو نسل ۲ airpods pro 2,1460000,کرج,۳ هفته پیش,https://divar.ir/v/QZ5syNTW
اپل واچ 8 اولترا,680000,مشهد,,https://divar.ir/v/QZ08y0WX
هندزفری بلوتوث طرح اپل ایرپاد - Airpods i7s,249000,کرج,۳ هفته پیش,https://divar.ir/v/QZ4kst23
هندزفری بلوتوث طرح اپل ایرپاد - Airpods i7s,249000,تهران,۳ هفته پیش,https://divar.ir/v/QZ4gcdiK
هندزفری بلوتوث طرح اپل ایرپاد - Airpods i7s,249000,ارومیه,۳ هفته پیش,https://divar.ir/v/QZ4Y8cmf
هندزفری بلوتوث طرح اپل ایرپاد - Airpods i7s,249000,ارومیه,۳ هفته پیش,https://divar.ir/v/QZ4sD4uX
Apple AirPods Pro  anc,599000,فلاورجان,۳ هفته پیش,https://divar.ir/v/QZ40yUcq
ایرپاد پرو airpods pro,1050000,تهران,,https://divar.ir/v/QZ4gRz2A
اصلی Airpods pro,6700000,رشت,۳ هفته پیش,https://divar.ir/v/QZ3U5rNw
ایرپاد پرو Airpods pro پک سی تایی,145000,تهران,,https://divar.ir/v/AZhLv1tI
AirpodsPro اپل,670000,اصفهان,۳ هفته پیش,https://divar.ir/v/QZ2cM3ue
Airpods 2 اکبند اورجینال,5200000,تهران,۳ هفته پیش,https://divar.ir/v/QZ20X_OI
ایرپاد 2 مشابه اصلی نو نو Airpods هندزفری بیسیم,480000,تهران,۳ هفته پیش,https://divar.ir/v/QZ2wGdQx
هندزفری بلوتوث طرح اپل ایرپاد - Airpods i7s,249000,تهران,۳ هفته پیش,https://divar.ir/v/QZ2U2ixf
ایرپاد پرو2کپی,410000,مشهد,,https://divar.ir/v/QZ2MGAk4
هدفون بی سیم مدل Airpods,290000,تهران,۳ هفته پیش,https://divar.ir/v/QZ2MlKVl
هندزفری بلوتوث طرح اپل ایرپاد - Airpods i7s,249000,تبریز,۳ هفته پیش,https://divar.ir/v/QZ1UnFhY
هدفون بی‌ سیم مدل 2 AirPods,350000,تهران,۴ هفته پیش,https://divar.ir/v/QZ1Qkhnp
airpods pro 2 پلمپ,10700000,شیراز,۴ هفته پیش,https://divar.ir/v/QZ1UzlEK
ایرپاد Airpods سریال دار مونتاژ چین,580000,مشهد,,https://divar.ir/v/QZ1Ex2aH
Airpods Pro2,800000,تهران,۴ هفته پیش,https://divar.ir/v/QZ1wA520
اینپاد i12 inPODS ایرپاد,220000,مشهد,,https://divar.ir/v/QZ0cPCUN
ایرپاد m19,360000,مشهد,,https://divar.ir/v/QZ0EuFE4
هدفون بلوتوثی اپل مدلAirpods 3 سفید,10000000,تهران,,https://divar.ir/v/QZsUvXr-
Apple Airpods 3,7750000,تهران,۴ هفته پیش,https://divar.ir/v/QZ0oLE3i
ایرپاد پرو اپل     AirPods pro,7350000,مشهد,۴ هفته پیش,https://divar.ir/v/QZ0o6CWN
ایرپاد مدل AirPods Pro,530000,یزد,۴ هفته پیش,https://divar.ir/v/QZ0Ykfx-
ایرپاد3  airpods3,500000,قدس,۴ هفته پیش,https://divar.ir/v/QZ0QCdcA
ایرپاد پرو ۲ - Airpods Pro2,8500000,تهران,,https://divar.ir/v/QZy04TwY
airpods pro2,10700000,کرج,۴ هفته پیش,https://divar.ir/v/QZzwIcCQ
AirPods 3 با گارانتی ۱۸ ماهه,900000,اصفهان,۴ هفته پیش,https://divar.ir/v/QZzYHS0v
بیسم هدفون اپل مدل  AirPods Pro,9000000,تهران,۴ هفته پیش,https://divar.ir/v/QZyguSKo
ایرپاد، هندزفری بلوتوث بیسیم طرح 2 Airpods Pro,290000,کرمان,۴ هفته پیش,https://divar.ir/v/QZyUtAPN
ایرپاد ۲ پرو/ airpods/ airpod 2 pro/ های کپی,600000,مشهد,۴ هفته پیش,https://divar.ir/v/QZyQM9x3
AirpodsPro با گارانتی ۱۸ ماهه,700000,اصفهان,۴ هفته پیش,https://divar.ir/v/QZykL8Gu
ایرپاد مدل Airpods,725000,تهران,۴ هفته پیش,https://divar.ir/v/QZyA7wNX
هنذفری بلوتوثی ایرپاد 2 AirPods کیفیت به ضمانت,197000,مشهد,,https://divar.ir/v/QZyA2f7m
ایرپاد بلوتوثی گیمینگ مدل airpods proM90,267000,کرمان,۴ هفته پیش,https://divar.ir/v/QZys13Tp
airpods pro anc نویز کنسلینگ دار مشکی,700000,قم,۴ هفته پیش,https://divar.ir/v/QZyYF7Vy
ایرپاد آیفون AirPods (3rd generation),5000000,سنندج,۴ هفته پیش,https://divar.ir/v/QZyoUptS
airpods pro 2,9850000,تهران,۴ هفته پیش,https://divar.ir/v/QZykRz3r
ایرپاد پرو .AirPods pro2 اورجینال ( باطری بزرگ ),620000,کرمانشاه,,https://divar.ir/v/QZdUYZrr
هندزفری بلوتوثی کرون مدل airpods w2,1100000,تهران,۴ هفته پیش,https://divar.ir/v/QZx8zikc
Airpodsproایرپادپرو هنذفری بلوتوثی پاوربانک هولدر,380000,مشهد,,https://divar.ir/v/QZFwnR-C
ایرپاد پرو Airpods pro,450000,تهران,۴ هفته پیش,https://divar.ir/v/QZxAhl-R
ایرپادمدلairpods 12pl ma9033,549000,تهران,۴ هفته پیش,https://divar.ir/v/QZwQtfvI
هندزفری بلوتوث طرح اپل ایرپاد - Airpods i7s,249000,تهران,۴ هفته پیش,https://divar.ir/v/QZwoyN1d
ایرپاد AirPods,800000,شاهین دژ,۴ هفته پیش,https://divar.ir/v/QZw8h8mi
ایرپاد Airpods,400000,تهران,۴ هفته پیش,https://divar.ir/v/QZwkBKwt
ایرپادپروairpodspro2هدفون پاوربانک هندفری بلوتوثی,500000,مشهد,,https://divar.ir/v/QZvI8r2I
هندزفری بلوتوث ایرپاد i12 Airpods,260000,مشهد,,https://divar.ir/v/QZekIRGZ
هدفون بلوتوثی مدل 2 Airpods Pro,590000,تهران,,https://divar.ir/v/QZu0sz7s
ایرپاد  هندزفری بلوتوث اینپاد 12  رنگ بندی  هنسفری,145000,مشهد,,https://divar.ir/v/QZh0Gpql
هدفون بی سیم Airpods 3 طرح اصلی,499000,تهران,,https://divar.ir/v/QZicI2tb
ایر پاد AirPods Pro 2nd Generation,1000,تهران,,https://divar.ir/v/QZugCsZp
هدفون بلوتوثی اپل ایرپاد ۳ airpods 3,8000000,تهران,,https://divar.ir/v/QZtsUZVB
AIRPODS 2 APPLE,6300000,مشهد,,https://divar.ir/v/QZtYkrU3
ایرپاد پرو 2 / های کپی / airpods pro 2,790000,مشهد,,https://divar.ir/v/AZ-mTg7U
ایرپاد پرو ANC (نویز فعال) ویتنام 2 3 Airpods,550000,مشهد,,https://divar.ir/v/QZs0fnef
هندزفری بلوتوثی ایرپاد پرو AirPods por 2,569000,تهران,,https://divar.ir/v/QZVMXhea
ایرپاد 3,470000,مشهد,,https://divar.ir/v/QZewX8aL
ایرپاد پرو جویروم Joyroom Airpods Pro,860000,شیراز,,https://divar.ir/v/QZYIwtso
Airpods Pro2023,420000,تبریز,,https://divar.ir/v/QZrwr81O
ایرپاد پرو ۲ کیفیت اورجینال AirPods Pro 2,500000,تهران,,https://divar.ir/v/QZhMDMJd
ایرپادپرو 2 AirPodsPro,850000,الوند,,https://divar.ir/v/QZrAJ6_q
airpods pro 2,480000,قزوین,,https://divar.ir/v/QZrQgef9
اپل airpods pro2 پک اصلی به شرطlightning,10700000,تهران,,https://divar.ir/v/QZqcd68P
airpods 3,8050000,شیراز,,https://divar.ir/v/AZ1PP6Ib
AirPods Pro gen2 ایرپاد ۲,10600000,تهران,,https://divar.ir/v/QZnEvhTN
Airpods 2 pro 2022,10535000,تهران,,https://divar.ir/v/AZ22C7ru
airpods QCY,800000,مشهد,,https://divar.ir/v/QZmUHGBP
Airpods3,8700000,ارومیه,,https://divar.ir/v/QZlwXJur
ایرپاد پرو 2 - Airpods pro 2,10600000,مشهد,,https://divar.ir/v/AZknaEhx
ایرپاد i 11 هندزفری هنذفری  هنسفری,185000,مشهد,,https://divar.ir/v/QZjAPbRD
Airpods 3s ایرپاد ۳اس,750000,قدس,,https://divar.ir/v/QZjctkNP
ایرپاد 2 Airpods2,1300000,قدس,,https://divar.ir/v/QZjUdxbK
Airpods 3 ایرپاد 3,1400000,قدس,,https://divar.ir/v/QZjY9X8N
Airpods pro ایرپاد پرو,1500000,قدس,,https://divar.ir/v/QZjY9Fmg
airpods 3 / ایرپاد ۳,8600000,تهران,,https://divar.ir/v/QZi4IyoJ
هندزفری airpods 2 pro بنددار,229000,تبریز,,https://divar.ir/v/QZiokDQz
ایرپاد ایفون airpods,900000,مشهد,,https://divar.ir/v/QZeIYzsY
هدفون بی سیم اپل AirPods 3,6970000,مشهد,,https://divar.ir/v/QZG8bqoL
ایرپاد ۳ اپل Apple AirPods3,8500000,تربت جام,,https://divar.ir/v/QZc4hawt
airpods i12 هندزفری بیسیم,199000,مشهد,,https://divar.ir/v/QZS4cw4t
airpods pro 2 not active,10890000,مشهد,,https://divar.ir/v/QZaEIz8k
airpods pro,850000,نیشابور,,https://divar.ir/v/QZZI7cNP
هدفون بی سیم اپل مدل AIRPods 2 همراه با محفظه شارژ,5650000,تهران,,https://divar.ir/v/QZZkWfVZ
airpods apple pro3 2023 اصلی,13700000,مشهد,,https://divar.ir/v/QZYwzSNj
هندزفری ایرپاد مدل Airpods Pro 6 2023,230000,سبزوار,,https://divar.ir/v/QZX0uM1X
ایرپادپرو مکس هنذفری بلوتوثی پاوربانک airpods pro,450000,مشهد,,https://divar.ir/v/QZRskG8t
airpods 3 apple,8500000,مشهد,,https://divar.ir/v/QZVg5b0z
ایرپادapple airpods  3,8600000,مشهد,,https://divar.ir/v/AZIrdE3v
اپل ایرپاد Apple AirPods Pro 2,9900000,مشهد,,https://divar.ir/v/QZM0EYkl
(AIRPODS pro2(2022,10400000,تهران,,https://divar.ir/v/AZ_Dgpin
هدفون بلوتوثی Airpods pro4,195000,شهرکرد,,https://divar.ir/v/QZTsubv8
هندزفری بیسیم اپل Airpods Pro,9900000,یزد,,https://divar.ir/v/QZSU5uau
هندفری بیسیم اپل Airpods Pro2,10900000,یزد,,https://divar.ir/v/QZSUJHZf
هدفون بلوتوثی اپل مدل AirPods Pro 2nd Generation,1550000,قم,,https://divar.ir/v/QZRkZpN0
ایرپاد QCy Haylou کیو سی هایلو Airpods,645000,تهران,,https://divar.ir/v/QZRMofr5
هدفون بی سیم اپل AirPods Pro 2nd generation,10300000,مشهد,,https://divar.ir/v/QZRQTUgE
ایرپاد پرو 2 / airpods pro2 / عمده و کارتنی,350000,بانه,,https://divar.ir/v/QZPYLWmm
ایرپاد پرو نویز کنسلینگ airpods pro anc,499000,قم,,https://divar.ir/v/QZNYTJuJ
ایرپاد Q25 pro airpods,350000,قم,,https://divar.ir/v/QZMwU0du
ایرپاد m32 airpods,350000,قم,,https://divar.ir/v/QZM0jyrs
ایرپاد پرو AirPods pro هندزفری بلوتوث,2200000,قم,,https://divar.ir/v/QZL0vCY9
ایرپاد پرو ۲ (airpods pro 2) اورجینال,11200000,مشهد,,https://divar.ir/v/QZK8v9mF
ایرپادپروorg ۲ هنذفریبلوتوثی پاوربانکairpodspro2,550000,مشهد,,https://divar.ir/v/QZK0OxW-
ایرپاد airpods,2000000,یزد,,https://divar.ir/v/QZKM9tpw
Airpods pro 2,10540000,تهران,,https://divar.ir/v/QZKoM9SI
Airpods Pro,1500000,مشهد,,https://divar.ir/v/QZKAstQc
ایرپاد اپل airpods pro2 (2023) نسل دوم,1700000,کرج,,https://divar.ir/v/QZJ8GhqA
ایرپادپروکالیفرنیاهنذفریبلوتوثی پاوربانکairpodspro,450000,مشهد,,https://divar.ir/v/QZJkl2ev
ایرپادپروAAA۲هنذفری بلوتوثی پاوربانکairpodspro2,550000,مشهد,,https://divar.ir/v/QZIEz_oF
Airpods pro 2,11800000,تبریز,,https://divar.ir/v/AZLLXGQ5
هدفون بلوتوثی اپل مدل AirPods Pro 2nd Generation,1000,تهران,,https://divar.ir/v/QZGo_R3N
airpods pro2 آکبند گارانتی شرکتی,10800000,تهران,,https://divar.ir/v/AZ9HY2nL
AirPods,6500000,مشهد,,https://divar.ir/v/QZGctQx9
هدفون بی‌ سیم AirPods2,1000,تهران,,https://divar.ir/v/AZ-rexpq
AIRPODS PRO2 APPLE اصلی گارانتی دار اکبند,10600000,مشهد,,https://divar.ir/v/QZEgW2NI
هندزفری بلوتوث airpods pro 2,850000,تهران,,https://divar.ir/v/QZDAjHNN
AirPods pro,1550000,تهران,,https://divar.ir/v/QZAYIeIg
ایرپاد پرو فول کپی وایرلس شارژ airpods/اپل گارانتی,550000,مشهد,,https://divar.ir/v/QZAII-k8
ایر پاد اپل سری پورو airpods,990000,تهران,,https://divar.ir/v/QZAcVG_z
ایرپاد پرو ۲ AirPods Pro 2 High Copy,750000,کرج,,https://divar.ir/v/AZ9D8SxR
ایرپاد ۲ فول کپی (airpods2),650000,تهران,,https://divar.ir/v/AZ9z7MZ4
airpods pro 2021 مشابه آکبند,8000000,تهران,,https://divar.ir/v/AZ9Dovt3
airpods 3 مشابه آکبند,6500000,تهران,,https://divar.ir/v/AZ9DoAHZ
ایرپاد سری 3   Airpods,7900000,کرج,,https://divar.ir/v/AZ7T1Fms
airpods 2 high copy,785000,اردکان,,https://divar.ir/v/AZ6_Arfn
اپل ایرپادز پرو اصلی Apple AirPods Pro 2,9950000,تهران,,https://divar.ir/v/AZgrPilo
ایرپاد Airpods Pro,1200000,کرج,,https://divar.ir/v/AZ43ibwA
فندکی بلوتوثی ایرپاد هنذفری پاوربانک شارژر airpods,115000,مشهد,,https://divar.ir/v/AZIKUwUj
airpods 3,8400000,مشهد,,https://divar.ir/v/AZ2bfLnu
هندزفری بلوتوث مدل airpods pro 2 ایرپاد,245000,تهران,,https://divar.ir/v/AZ2zMz1k
ایرپاد پرو ۲ (airpods pro 2) اورجینال,10950000,مشهد,,https://divar.ir/v/AZlbrJXo
ایرپاد پرو ۲ با گارانتی تم و تعداد airpods pro2,690000,تهران,,https://divar.ir/v/AZ0fWFJF
ایرپاد اورجینال airpods,1500000,تهران,,https://divar.ir/v/AZvjFPj6
ایرپاد پرو مشکی ANC ویتنام فول بیس Airpods pro anc,850000,قم,,https://divar.ir/v/AZtfRQN8
AirPods های کپی اپل در انواع مختلف با کیفیت بالا,720000,اصفهان,,https://divar.ir/v/AZsnUX0I
ایرپاد پرو 2 3 فول کپی Airpodsاپل گارانتی,550000,مشهد,,https://divar.ir/v/AZkH-SiG
ایرپاد پرو2 اصل Airpodspro2,11000000,کرج,,https://divar.ir/v/AZLqRpni
ایرپاد2سفارش آمریکا airpods 2USA,845000,قم,,https://divar.ir/v/AZjHmHaQ
airpods pro 2nd generation org,10200000,قم,,https://divar.ir/v/AZiXMPS_
ایرپاد پرو ۲ airpods pro2,1000000,تهران,,https://divar.ir/v/AZhbekK0
هندزفری بلوتوثی طرح ایرپادز۳ airpods3,870000,شیراز,,https://divar.ir/v/AZhzd_Yh
airpods pro USA ایرپاد پرو آمریکا,530000,قم,,https://divar.ir/v/AZh38HTG
هندزفری بی‌ سیم AirPods Pro,950000,تهران,,https://divar.ir/v/AZgLeOv4
هندزفری بلوتوث ایرپاد airpods 2,550000,کرمان,,https://divar.ir/v/AZgrlSsG
هدفون بی سیم اپل مدل AirPods 3-آکبند,7818000,تهران,,https://divar.ir/v/AZZ78BlW
هدفون بی سیم اپل Airpods Pro 2-آکبند,10752000,تهران,,https://divar.ir/v/AZKHQnbT
هدفون اپل (type-c) airpods pro 2 new-آکبند,10857000,تهران,,https://divar.ir/v/AZKHALlE
هدفون بی سیم اپل airpods 2-آکبند,5717000,تهران,,https://divar.ir/v/AZJ__7gS
ایرپاد گیمینگ بی سیم airpods pro ANC نویز کنسلینگ,820000,تبریز,,https://divar.ir/v/QYznqRhM
AirPods Pro (2nd generation),9550000,تهران,,https://divar.ir/v/wYEdrlit
Airpods pro,9200000,شیراز,,https://divar.ir/v/gYNlW1ry
